,Rate,Review
0,2,ThomDerd
1,3,PennyForMyThoughts
2,3,vjmatinde
3,3,elliotjeory
4,1,bukowski-65951
5,1,steve11235
6,4,TwistedContent
7,2,TurtleReviews
8,1,Horror_Flick_Fanatic
9,1,doc-m-atef
10,4,neil-454-635828
11,1,enjozsef
12,2,jakebrann
13,3,jonathan-alex-ng
14,2,roufhyder
15,2,theblackforest
16,1,saeedco
17,1,erizzle22
18,7,classicsoncall
19,1,vipadham
20,1,robertmckaig
21,5,alon-dar1
22,1,mojo_visa
23,2,therskybznuiss
24,4,suripat
25,7,DaegT
26,3,Wizard-8
27,4,nogodnomasters
28,8,RosanaBotafogo
29,7,curtismenne
30,1,MadamWarden
31,5,dpbertrand-126-427929
32,6,kosmasp
33,1,redgex
34,1,Yahya_Adada
35,1,marmar-69780
36,1,williamsong-19226
37,7,crom-dubh
38,1,buzzknutson
39,1,hassanabab
40,2,rochfordsimon
41,1,ismailyal-73985
42,2,ola-zylinska
43,6,searchanddestroy-1
44,1,Adeeb-ghazal
45,2,kevintbk
46,7,sebcaron
47,2,plastpose
48,2,Chrispearce2
49,4,joey_k-74060
50,3,Otte1
51,4,andrea-ee2
52,3,joeyford-55342
53,3,aguynameddrew
54,3,urmas-kungla
55,5,janedoe5300
56,1,eprusulis
57,5,phillip-henry
58,7,saptesh786
59,7,sithstalker-75789
60,1,unnamed-32145
61,6,Achyut_Prashast_Singh
62,9,faer_kr
63,8,waremaker
64,1,kramerst
65,7,scotrutherford
66,2,bjgeneser
67,1,xpunisherx
68,1,tommytomato-15522
69,2,That_1_guy
70,4,garynorton
71,5,cruise01
72,1,therealjaysmoke
73,1,rubenlambalgen
74,1,twanster-97655
75,5,kwenchow
76,1,florenciaactis23
77,2,radhrh
78,3,sonerayanlar
79,9,dogma-53668
80,8,pieterluxman
81,2,rovex32
82,5,Pairic
83,9,yankeedoo
84,1,paulONeil68
85,2,Xavier_Stone
86,2,Andy_Aitken
87,9,TruView
88,5,mwilson1976
89,5,chubarova
90,1,agent-spy-59317
91,5,nezbitkn2
92,1,emiliovillegas-38961
93,3,s3276169
94,1,Guanche48
95,8,andwaide
96,1,lopezpatricia-06139
97,1,GimmeMoreGore
98,7,wolfie-23088
99,1,matt_hew
100,6,mohamedahmedali44-727-99368
101,1,skunksurffer
102,3,pascual-953-520640
103,2,brunoamserra
104,2,cotta002-318-865119
105,3,Chris_Mac_25
106,2,glen-52166
107,4,trashgang
108,4,gianmarcoronconi
109,2,fmatt-88980
110,3,TdSmth5
111,6,zbossvideo
112,4,markthomassintek
113,2,alindsayal
114,4,vittorio-13
115,1,sayedreeza
116,1,tearitdownner
117,1,SpacemanBob
118,6,sissy3006-179-640454
119,1,dtlacey78
120,1,kevin-68286-98414
121,8,abuckenham
122,3,wisdomwasp
123,3,klperkins07
124,2,malevuxi
125,4,joshbarton15
126,10,donumdei
127,2,Jack_C_
128,3,tin-B
129,1,fersiaf
130,7,tvdefrancesco
131,3,egruber130
132,6,dennis-denio
133,9,andredejongh
134,3,t-d-t-m82
135,3,party-50583
136,1,rriva-417-993719
137,1,craigmbriggs
138,3,gpedz
139,7,rachelparkerlu
140,10,samh666
141,1,borbatr-1
142,7,jbrownvr6
143,1,matze-23967
144,4,simelemontolomeo-56461
145,2,heinigrunbaum-786-20424
146,5,draciron
147,2,ludichrisallen
148,3,soneagu
149,10,tonywongb
150,1,imap-05232
151,3,darabisam
152,1,joshhernandez-62986
153,1,DrCCat
154,3,FreakingMovieFanatic
155,3,alanallsopp83
156,6,SquiggleyDoo
157,1,fbmike
158,1,glenno-42453
159,4,umrebel
160,5,bertler-1
161,8,djmike-63474
162,1,franconway
163,1,samet34023-132-406924
164,2,luis-pinto-1
165,3,alifim
166,1,gvwln
167,2,bostockleigh-75918
168,1,asjseen
169,5,comblitz
170,2,mberbae-57179
171,10,andystebbing
172,1,michaelwheeler-36661
173,1,ascott-481-678549
174,10,koffice-979-41630
175,2,hitzujaa
176,5,senatejay
177,3,zorrodg-316-238330
178,1,jgviloria152
179,8,yanbibiyan
180,6,jan-biebaut
181,1,ChristianSHo1
182,5,linamorenog
183,1,adios-muerte
184,5,adim-72644
185,3,harmenkampinga
186,5,nahas-marwan
187,7,menab94
188,9,radicalstudios
189,2,pejman-44134
190,1,michaelquinn1966
191,1,scottyding
192,1,archidtxallycat
193,8,liveit-28426
194,3,lee-00705
195,2,EODGhost
196,9,nicolehubert
197,8,wofat-88327
198,1,hulix-459-652146
199,1,artswan-77642
